power,coefficient
t^0,-0.9999999999999993
t^1,29.999999999999993
t^2,-209.99999999999994
t^3,560.0
t^4,-630.0
t^5,252.0
