power,coefficient
t^0,-1.0000000000000004
t^1,55.999999999999986
t^2,-756.0
t^3,4200.000000000002
t^4,-11550.000000000004
t^5,16632.000000000004
t^6,-12012.000000000002
t^7,3432.000000000001
