power,coefficient
t^0,1.0000000000000004
t^1,-42.0
t^2,420.0
t^3,-1679.9999999999995
t^4,3149.999999999999
t^5,-2771.9999999999995
t^6,923.9999999999998
