Roots (x),Weights (w)
0.001368069075259215,0.003509305004735253
0.007194244227365809,0.008137197365452872
0.017618872206246805,0.012696032654631012
0.03254696203113017,0.017136931456510882
0.051839422116973954,0.021417949011113418
0.07531619313371501,0.025499029631188046
0.10275810201602881,0.029342046739267783
0.13390894062985514,0.03291111138818084
0.16847786653489238,0.03617289705442417
0.20614212137961885,0.039096947893535114
0.24655004553388532,0.041655962113473353
0.28932436193468236,0.04382604650220189
0.33406569885893617,0.04558693934788189
0.38035631887393145,0.046922199540402255
0.42776401920860174,0.047819360039637354
0.4758461671561308,0.04827004425736383
0.5241538328438692,0.04827004425736383
0.5722359807913983,0.047819360039637354
0.6196436811260685,0.046922199540402255
0.6659343011410639,0.04558693934788189
0.7106756380653176,0.04382604650220189
0.7534499544661146,0.041655962113473353
0.7938578786203812,0.039096947893535114
0.8315221334651076,0.03617289705442417
0.8660910593701449,0.03291111138818084
0.8972418979839711,0.029342046739267783
0.924683806866285,0.025499029631188046
0.948160577883026,0.021417949011113418
0.9674530379688698,0.017136931456510882
0.9823811277937532,0.012696032654631012
0.9928057557726342,0.008137197365452872
0.9986319309247408,0.003509305004735253
