Roots (x),Weights (w)
0.033765242898423975,0.08566224618958487
0.16939530676686776,0.18038078652406947
0.3806904069584015,0.23395696728634569
0.6193095930415985,0.23395696728634569
0.8306046932331322,0.18038078652406947
0.966234757101576,0.08566224618958487
